Survived,Pclass,Sex,Age,SibSp,Parch,Embarked
0.0,1.0,1.0,0.275,0.125,0.0,1.0
1.0,0.0,0.0,0.47500000000000003,0.125,0.0,0.0
1.0,1.0,0.0,0.325,0.0,0.0,1.0
1.0,0.0,0.0,0.4375,0.125,0.0,1.0
0.0,1.0,1.0,0.4375,0.0,0.0,1.0
0.0,1.0,1.0,0.36250000000000004,0.0,0.0,0.5
0.0,0.0,1.0,0.675,0.0,0.0,1.0
0.0,1.0,1.0,0.025,0.375,0.16666666666666666,1.0
1.0,1.0,0.0,0.3375,0.0,0.3333333333333333,1.0
1.0,0.5,0.0,0.17500000000000002,0.125,0.0,0.0
1.0,1.0,0.0,0.05,0.125,0.16666666666666666,1.0
1.0,0.0,0.0,0.7250000000000001,0.0,0.0,1.0
0.0,1.0,1.0,0.25,0.0,0.0,1.0
0.0,1.0,1.0,0.48750000000000004,0.125,0.8333333333333333,1.0
0.0,1.0,0.0,0.17500000000000002,0.0,0.0,1.0
1.0,0.5,0.0,0.6875,0.0,0.0,1.0
0.0,1.0,1.0,0.025,0.5,0.16666666666666666,0.5
1.0,0.5,1.0,0.36250000000000004,0.0,0.0,1.0
0.0,1.0,0.0,0.3875,0.125,0.0,1.0
1.0,1.0,0.0,0.36250000000000004,0.0,0.0,0.0
0.0,0.5,1.0,0.4375,0.0,0.0,1.0
1.0,0.5,1.0,0.42500000000000004,0.0,0.0,1.0
1.0,1.0,0.0,0.1875,0.0,0.0,0.5
1.0,0.0,1.0,0.35000000000000003,0.0,0.0,1.0
0.0,1.0,0.0,0.1,0.375,0.16666666666666666,1.0
1.0,1.0,0.0,0.47500000000000003,0.125,0.8333333333333333,1.0
0.0,1.0,1.0,0.36250000000000004,0.0,0.0,0.0
0.0,0.0,1.0,0.23750000000000002,0.375,0.3333333333333333,1.0
1.0,1.0,0.0,0.36250000000000004,0.0,0.0,0.5
0.0,1.0,1.0,0.36250000000000004,0.0,0.0,1.0
0.0,0.0,1.0,0.5,0.0,0.0,0.0
1.0,0.0,0.0,0.36250000000000004,0.125,0.0,0.0
1.0,1.0,0.0,0.36250000000000004,0.0,0.0,0.5
0.0,0.5,1.0,0.8250000000000001,0.0,0.0,1.0
0.0,0.0,1.0,0.35000000000000003,0.125,0.0,0.0
0.0,0.0,1.0,0.525,0.125,0.0,1.0
1.0,1.0,1.0,0.36250000000000004,0.0,0.0,0.0
0.0,1.0,1.0,0.2625,0.0,0.0,1.0
0.0,1.0,0.0,0.225,0.25,0.0,1.0
1.0,1.0,0.0,0.17500000000000002,0.125,0.0,0.0
0.0,1.0,0.0,0.5,0.125,0.0,1.0
0.0,0.5,0.0,0.3375,0.125,0.0,1.0
0.0,1.0,1.0,0.36250000000000004,0.0,0.0,0.0
1.0,0.5,0.0,0.037500000000000006,0.125,0.3333333333333333,0.0
1.0,1.0,0.0,0.23750000000000002,0.0,0.0,0.5
0.0,1.0,1.0,0.36250000000000004,0.0,0.0,1.0
0.0,1.0,1.0,0.36250000000000004,0.125,0.0,0.5
1.0,1.0,0.0,0.36250000000000004,0.0,0.0,0.5
0.0,1.0,1.0,0.36250000000000004,0.25,0.0,0.0
0.0,1.0,0.0,0.225,0.125,0.0,1.0
0.0,1.0,1.0,0.08750000000000001,0.5,0.16666666666666666,1.0
0.0,1.0,1.0,0.2625,0.0,0.0,1.0
1.0,0.0,0.0,0.6125,0.125,0.0,0.0
1.0,0.5,0.0,0.36250000000000004,0.125,0.0,1.0
0.0,0.0,1.0,0.8125,0.0,0.16666666666666666,0.0
1.0,0.0,1.0,0.36250000000000004,0.0,0.0,1.0
1.0,0.5,0.0,0.2625,0.0,0.0,1.0
0.0,1.0,1.0,0.35000000000000003,0.0,0.0,0.0
1.0,0.5,0.0,0.0625,0.125,0.3333333333333333,1.0
0.0,1.0,1.0,0.1375,0.625,0.3333333333333333,1.0
0.0,1.0,1.0,0.275,0.0,0.0,0.0
1.0,0.0,0.0,0.47500000000000003,0.0,0.0,1.0
0.0,0.0,1.0,0.5625,0.125,0.0,1.0
0.0,1.0,1.0,0.05,0.375,0.3333333333333333,1.0
0.0,0.0,1.0,0.36250000000000004,0.0,0.0,0.0
1.0,1.0,1.0,0.36250000000000004,0.125,0.16666666666666666,0.0
1.0,0.5,0.0,0.36250000000000004,0.0,0.0,1.0
0.0,1.0,1.0,0.23750000000000002,0.0,0.0,1.0
1.0,1.0,0.0,0.21250000000000002,0.5,0.3333333333333333,1.0
0.0,1.0,1.0,0.325,0.25,0.0,1.0
0.0,0.5,1.0,0.4,0.0,0.0,1.0
0.0,1.0,0.0,0.2,0.625,0.3333333333333333,1.0
0.0,0.5,1.0,0.2625,0.0,0.0,1.0
0.0,1.0,1.0,0.325,0.125,0.0,0.0
1.0,1.0,1.0,0.4,0.0,0.0,1.0
0.0,1.0,1.0,0.3125,0.0,0.0,1.0
0.0,1.0,1.0,0.36250000000000004,0.0,0.0,1.0
0.0,1.0,1.0,0.36250000000000004,0.0,0.0,1.0
1.0,0.5,1.0,0.0,0.0,0.3333333333333333,1.0
1.0,1.0,0.0,0.375,0.0,0.0,1.0
0.0,1.0,1.0,0.275,0.0,0.0,1.0
1.0,1.0,1.0,0.36250000000000004,0.0,0.0,1.0
1.0,1.0,0.0,0.36250000000000004,0.0,0.0,0.5
0.0,0.0,1.0,0.35000000000000003,0.0,0.0,1.0
1.0,0.5,0.0,0.21250000000000002,0.0,0.0,1.0
1.0,1.0,0.0,0.41250000000000003,0.375,0.0,1.0
0.0,1.0,1.0,0.2,0.125,0.5,1.0
0.0,1.0,1.0,0.36250000000000004,0.0,0.0,1.0
1.0,0.0,0.0,0.28750000000000003,0.375,0.3333333333333333,1.0
0.0,1.0,1.0,0.30000000000000004,0.0,0.0,1.0
0.0,1.0,1.0,0.36250000000000004,0.0,0.0,1.0
0.0,1.0,1.0,0.25,0.0,0.0,1.0
0.0,0.0,1.0,0.5750000000000001,0.125,0.0,1.0
0.0,1.0,1.0,0.325,0.125,0.3333333333333333,1.0
0.0,1.0,1.0,0.7375,0.0,0.0,1.0
0.0,1.0,1.0,0.36250000000000004,0.0,0.0,1.0
0.0,0.0,1.0,0.8875000000000001,0.0,0.0,0.0
1.0,0.0,1.0,0.28750000000000003,0.0,0.16666666666666666,0.0
1.0,0.5,0.0,0.42500000000000004,0.0,0.16666666666666666,1.0
0.0,0.5,1.0,0.42500000000000004,0.125,0.0,1.0
0.0,1.0,0.0,0.35000000000000003,0.0,0.0,1.0
0.0,1.0,1.0,0.36250000000000004,0.0,0.0,1.0
0.0,0.0,1.0,0.2625,0.0,0.16666666666666666,1.0
0.0,1.0,1.0,0.41250000000000003,0.0,0.0,1.0
0.0,1.0,1.0,0.4625,0.25,0.0,1.0
0.0,1.0,1.0,0.35000000000000003,0.0,0.0,1.0
1.0,1.0,0.0,0.2625,0.0,0.0,1.0
1.0,1.0,1.0,0.36250000000000004,0.0,0.0,1.0
0.0,1.0,1.0,0.47500000000000003,0.0,0.0,1.0
1.0,1.0,0.0,0.36250000000000004,0.125,0.0,0.5
0.0,0.0,1.0,0.5875,0.0,0.0,1.0
0.0,1.0,0.0,0.17500000000000002,0.125,0.0,0.0
0.0,1.0,1.0,0.275,0.0,0.0,1.0
0.0,1.0,0.0,0.25,0.125,0.0,1.0
0.0,1.0,0.0,0.21250000000000002,0.0,0.0,0.0
0.0,1.0,1.0,0.2625,0.0,0.0,1.0
0.0,1.0,1.0,0.875,0.0,0.0,0.5
0.0,0.5,1.0,0.36250000000000004,0.125,0.0,1.0
0.0,0.0,1.0,0.30000000000000004,0.0,0.16666666666666666,0.0
0.0,1.0,0.0,0.025,0.5,0.3333333333333333,1.0
0.0,0.5,1.0,0.2625,0.25,0.0,1.0
0.0,1.0,1.0,0.36250000000000004,0.0,0.0,1.0
0.0,0.5,1.0,0.4,0.125,0.0,0.0
1.0,0.5,0.0,0.4,0.0,0.0,1.0
0.0,0.0,1.0,0.675,0.0,0.16666666666666666,1.0
1.0,1.0,1.0,0.15000000000000002,0.125,0.0,0.0
0.0,1.0,1.0,0.36250000000000004,0.0,0.0,0.5
1.0,1.0,1.0,0.30000000000000004,0.0,0.0,1.0
1.0,1.0,0.0,0.36250000000000004,0.125,0.16666666666666666,0.0
0.0,1.0,1.0,0.5625,0.0,0.0,1.0
0.0,1.0,1.0,0.41250000000000003,0.0,0.0,0.0
0.0,1.0,1.0,0.25,0.0,0.0,1.0
0.0,1.0,0.0,0.5875,0.125,0.0,1.0
1.0,0.5,0.0,0.36250000000000004,0.125,0.0,1.0
0.0,0.5,1.0,0.3125,0.0,0.0,1.0
0.0,0.5,1.0,0.28750000000000003,0.0,0.0,0.0
1.0,0.0,0.0,0.23750000000000002,0.0,0.3333333333333333,1.0
0.0,0.0,1.0,0.4625,0.125,0.0,1.0
0.0,1.0,1.0,0.2,0.0,0.0,1.0
0.0,0.0,1.0,0.30000000000000004,0.0,0.0,0.0
0.0,1.0,0.0,0.36250000000000004,0.0,0.3333333333333333,0.0
1.0,1.0,0.0,0.275,0.0,0.0,1.0
1.0,1.0,0.0,0.30000000000000004,0.125,0.0,1.0
0.0,1.0,1.0,0.23750000000000002,0.0,0.0,0.5
0.0,0.5,1.0,0.225,0.0,0.0,1.0
0.0,0.5,1.0,0.23750000000000002,0.125,0.16666666666666666,1.0
1.0,1.0,1.0,0.3375,0.0,0.0,1.0
0.0,1.0,0.0,0.1125,0.25,0.3333333333333333,1.0
0.0,0.5,1.0,0.45,0.0,0.3333333333333333,1.0
0.0,0.5,1.0,0.525,0.0,0.0,1.0
0.0,0.5,1.0,0.6375000000000001,0.0,0.0,1.0
1.0,0.0,0.0,0.275,0.125,0.0,1.0
0.0,1.0,1.0,0.6875,0.0,0.0,1.0
0.0,1.0,1.0,0.5,0.0,0.3333333333333333,1.0
0.0,1.0,1.0,0.36250000000000004,0.0,0.0,1.0
0.0,0.0,1.0,0.6375000000000001,0.0,0.16666666666666666,0.0
1.0,1.0,0.0,0.2,0.0,0.0,0.5
0.0,1.0,1.0,0.375,0.0,0.0,1.0
0.0,1.0,1.0,0.36250000000000004,0.0,0.0,1.0
0.0,1.0,1.0,0.36250000000000004,1.0,0.3333333333333333,1.0
0.0,1.0,1.0,0.55,0.0,0.16666666666666666,1.0
1.0,0.5,0.0,0.5,0.0,0.0,1.0
0.0,1.0,1.0,0.325,0.0,0.0,1.0
0.0,1.0,1.0,0.21250000000000002,0.0,0.0,1.0
0.0,1.0,1.0,0.0125,0.5,0.16666666666666666,1.0
1.0,1.0,1.0,0.1125,0.0,0.3333333333333333,1.0
1.0,0.0,0.0,0.36250000000000004,0.0,0.16666666666666666,1.0
0.0,1.0,0.0,0.5625,0.125,0.6666666666666666,1.0
0.0,0.0,1.0,0.36250000000000004,0.0,0.0,1.0
0.0,1.0,1.0,0.35000000000000003,0.0,0.0,1.0
0.0,0.0,1.0,0.7625000000000001,0.0,0.0,1.0
0.0,1.0,1.0,0.05,0.5,0.16666666666666666,0.5
1.0,1.0,0.0,0.0125,0.125,0.16666666666666666,1.0
0.0,1.0,1.0,0.2625,0.0,0.0,1.0
0.0,0.0,1.0,0.7000000000000001,0.0,0.0,0.0
0.0,1.0,1.0,0.225,0.125,0.16666666666666666,1.0
0.0,1.0,1.0,0.36250000000000004,0.375,0.16666666666666666,1.0
0.0,0.0,0.0,0.625,0.0,0.0,0.0
0.0,0.5,1.0,0.375,0.0,0.0,1.0
0.0,1.0,1.0,0.45,0.0,0.0,1.0
0.0,1.0,0.0,0.36250000000000004,1.0,0.3333333333333333,1.0
0.0,0.5,1.0,0.36250000000000004,0.0,0.0,0.0
0.0,1.0,1.0,0.1125,0.5,0.3333333333333333,1.0
1.0,0.5,1.0,0.0125,0.25,0.16666666666666666,1.0
1.0,1.0,0.0,0.05,0.0,0.3333333333333333,1.0
0.0,0.0,1.0,0.36250000000000004,0.0,0.0,1.0
1.0,1.0,0.0,0.36250000000000004,0.125,0.0,0.5
1.0,0.0,1.0,0.5625,0.0,0.0,1.0
0.0,1.0,1.0,0.5,0.125,0.16666666666666666,0.5
0.0,1.0,1.0,0.45,0.0,0.0,1.0
1.0,0.5,0.0,0.4,0.0,0.0,1.0
0.0,0.5,1.0,0.23750000000000002,0.0,0.0,1.0
1.0,1.0,0.0,0.23750000000000002,0.125,0.0,1.0
1.0,0.5,1.0,0.037500000000000006,0.125,0.16666666666666666,1.0
1.0,0.0,0.0,0.55,0.0,0.0,0.0
1.0,0.0,0.0,0.7250000000000001,0.0,0.0,0.0
0.0,1.0,1.0,0.36250000000000004,0.0,0.0,0.5
0.0,1.0,1.0,0.525,0.0,0.16666666666666666,1.0
1.0,1.0,0.0,0.36250000000000004,0.0,0.0,0.5
0.0,0.5,0.0,0.30000000000000004,0.0,0.0,1.0
0.0,1.0,1.0,0.35000000000000003,0.0,0.0,1.0
0.0,1.0,1.0,0.36250000000000004,1.0,0.3333333333333333,1.0
0.0,1.0,1.0,0.42500000000000004,0.0,0.0,1.0
0.0,1.0,1.0,0.5625,0.0,0.0,0.0
1.0,1.0,1.0,0.225,0.0,0.0,1.0
0.0,1.0,0.0,0.025,0.0,0.16666666666666666,1.0
0.0,1.0,1.0,0.4,0.125,0.0,1.0
1.0,1.0,1.0,0.325,0.0,0.0,0.0
1.0,1.0,0.0,0.2,0.0,0.0,0.5
1.0,0.0,1.0,0.5,0.0,0.0,0.0
0.0,1.0,1.0,0.30000000000000004,0.0,0.0,1.0
1.0,0.5,0.0,0.4375,0.0,0.0,1.0
0.0,1.0,1.0,0.275,0.0,0.0,1.0
0.0,0.5,1.0,0.375,0.0,0.0,1.0
0.0,1.0,1.0,0.36250000000000004,0.125,0.0,0.5
1.0,0.0,0.0,0.3875,0.125,0.0,0.0
1.0,1.0,0.0,0.3375,0.0,0.0,1.0
0.0,0.5,1.0,0.525,0.125,0.0,1.0
1.0,0.0,0.0,0.4,0.0,0.0,0.0
0.0,0.5,1.0,0.375,0.0,0.0,1.0
1.0,1.0,1.0,0.2,0.0,0.0,1.0
0.0,0.5,1.0,0.3375,0.0,0.0,1.0
0.0,1.0,1.0,0.6375000000000001,0.0,0.0,1.0
0.0,1.0,1.0,0.36250000000000004,0.0,0.0,1.0
1.0,0.0,1.0,0.47500000000000003,0.125,0.0,1.0
0.0,1.0,1.0,0.275,0.0,0.0,1.0
1.0,0.5,1.0,0.23750000000000002,0.0,0.0,1.0
0.0,1.0,1.0,0.25,0.0,0.0,1.0
0.0,0.5,1.0,0.225,0.0,0.0,1.0
0.0,1.0,0.0,0.36250000000000004,0.375,0.16666666666666666,1.0
1.0,0.0,0.0,0.4375,0.125,0.0,1.0
0.0,1.0,1.0,0.36250000000000004,0.0,0.0,1.0
0.0,0.5,1.0,0.7375,0.0,0.0,1.0
1.0,1.0,0.0,0.0625,0.5,0.3333333333333333,1.0
0.0,0.5,1.0,0.30000000000000004,0.0,0.0,1.0
0.0,1.0,0.0,0.36250000000000004,0.0,0.0,1.0
0.0,0.5,1.0,0.55,0.125,0.0,1.0
1.0,0.5,0.0,0.1,0.0,0.3333333333333333,1.0
0.0,0.5,1.0,0.23750000000000002,0.0,0.0,1.0
0.0,0.5,1.0,0.41250000000000003,0.0,0.0,1.0
0.0,1.0,0.0,0.36250000000000004,0.125,0.0,0.0
1.0,1.0,0.0,0.36250000000000004,0.125,0.0,0.5
0.0,0.5,1.0,0.36250000000000004,0.0,0.0,1.0
0.0,1.0,1.0,0.275,0.0,0.0,1.0
0.0,1.0,1.0,0.375,0.0,0.0,0.0
0.0,0.0,1.0,0.55,0.25,0.0,0.5
0.0,1.0,0.0,0.3125,0.0,0.0,1.0
1.0,0.5,0.0,0.30000000000000004,0.0,0.3333333333333333,1.0
1.0,0.0,1.0,0.4625,0.125,0.16666666666666666,1.0
0.0,0.5,1.0,0.675,0.125,0.0,1.0
0.0,1.0,1.0,0.36250000000000004,0.0,0.0,1.0
0.0,1.0,0.0,0.36250000000000004,0.125,0.16666666666666666,1.0
0.0,0.0,1.0,0.775,0.0,0.0,1.0
0.0,1.0,1.0,0.375,0.125,0.0,1.0
0.0,1.0,0.0,0.5125000000000001,0.0,0.3333333333333333,1.0
1.0,1.0,0.0,0.36250000000000004,0.0,0.3333333333333333,0.0
1.0,0.0,0.0,0.36250000000000004,0.0,0.0,0.0
1.0,0.0,0.0,0.375,0.0,0.0,1.0
1.0,0.0,0.0,0.4375,0.0,0.0,0.0
1.0,0.5,0.0,0.625,0.0,0.16666666666666666,1.0
0.0,1.0,1.0,0.36250000000000004,0.0,0.0,0.5
1.0,1.0,1.0,0.037500000000000006,0.5,0.3333333333333333,1.0
0.0,0.0,1.0,0.65,0.125,0.16666666666666666,1.0
0.0,0.0,1.0,0.5,0.0,0.0,1.0
0.0,1.0,0.0,0.36250000000000004,0.0,0.0,0.5
0.0,0.5,1.0,0.45,0.0,0.0,1.0
0.0,1.0,1.0,0.2,0.5,0.16666666666666666,1.0
1.0,1.0,1.0,0.3125,0.125,0.0,1.0
1.0,0.0,0.0,0.7250000000000001,0.0,0.16666666666666666,1.0
1.0,0.0,0.0,0.4375,0.0,0.0,1.0
0.0,0.0,1.0,0.36250000000000004,0.0,0.0,1.0
1.0,1.0,1.0,0.3125,0.0,0.0,1.0
1.0,0.5,0.0,0.5125000000000001,0.0,0.16666666666666666,1.0
0.0,0.0,1.0,0.4625,0.0,0.16666666666666666,0.0
1.0,1.0,0.0,0.36250000000000004,0.0,0.0,0.5
1.0,0.0,0.0,0.7875000000000001,0.125,0.0,1.0
0.0,1.0,0.0,0.5625,0.0,0.0,1.0
0.0,0.5,1.0,0.36250000000000004,0.0,0.0,1.0
0.0,1.0,1.0,0.08750000000000001,0.5,0.16666666666666666,0.5
1.0,1.0,0.0,0.4375,0.125,0.16666666666666666,1.0
0.0,1.0,1.0,0.8125,0.0,0.0,0.5
0.0,1.0,1.0,0.35000000000000003,0.0,0.0,1.0
0.0,1.0,1.0,0.2,0.0,0.0,1.0
1.0,1.0,1.0,0.23750000000000002,0.0,0.0,1.0
0.0,0.0,1.0,0.36250000000000004,0.0,0.0,1.0
0.0,1.0,1.0,0.41250000000000003,0.0,0.0,0.0
1.0,1.0,1.0,0.375,0.0,0.0,1.0
0.0,1.0,1.0,0.275,0.0,0.0,1.0
1.0,0.5,1.0,0.525,0.0,0.0,1.0
1.0,1.0,0.0,0.275,0.0,0.0,0.5
1.0,0.0,0.0,0.325,0.0,0.0,1.0
1.0,0.0,0.0,0.23750000000000002,0.125,0.0,0.0
0.0,0.5,1.0,0.45,0.0,0.0,0.0
0.0,1.0,0.0,0.30000000000000004,0.0,0.0,1.0
0.0,1.0,1.0,0.30000000000000004,0.0,0.0,1.0
0.0,0.0,1.0,0.36250000000000004,0.0,0.0,0.0
0.0,1.0,1.0,0.28750000000000003,0.0,0.0,0.0
0.0,0.0,0.0,0.025,0.125,0.3333333333333333,1.0
1.0,0.0,1.0,0.36250000000000004,0.0,0.0,1.0
1.0,0.0,0.0,0.625,0.0,0.16666666666666666,0.0
1.0,1.0,0.0,0.36250000000000004,0.0,0.0,0.5
1.0,1.0,1.0,0.36250000000000004,0.25,0.0,0.5
0.0,1.0,1.0,0.23750000000000002,0.0,0.0,1.0
1.0,0.5,0.0,0.36250000000000004,0.0,0.0,0.5
0.0,1.0,1.0,0.36250000000000004,0.0,0.0,1.0
1.0,0.0,1.0,0.0,0.125,0.3333333333333333,1.0
1.0,0.0,0.0,0.36250000000000004,0.0,0.0,0.0
1.0,0.0,0.0,0.21250000000000002,0.125,0.0,0.0
0.0,0.5,1.0,0.375,0.125,0.0,0.0
1.0,0.0,0.0,0.375,0.0,0.0,0.0
1.0,0.0,0.0,0.30000000000000004,0.0,0.0,0.0
1.0,0.0,0.0,0.225,0.25,0.3333333333333333,0.0
0.0,0.5,0.0,0.325,0.125,0.16666666666666666,1.0
0.0,1.0,1.0,0.35000000000000003,0.0,0.0,1.0
0.0,0.5,1.0,0.5375,0.125,0.16666666666666666,1.0
1.0,1.0,0.0,0.325,0.0,0.0,1.0
1.0,0.5,0.0,0.30000000000000004,0.125,0.0,1.0
0.0,0.5,1.0,0.675,0.0,0.0,1.0
1.0,0.0,0.0,0.3875,0.0,0.3333333333333333,1.0
1.0,0.0,0.0,0.5,0.125,0.16666666666666666,0.0
0.0,1.0,1.0,0.275,0.0,0.0,1.0
0.0,1.0,1.0,0.3375,0.0,0.0,1.0
1.0,0.5,0.0,0.375,0.0,0.0,0.5
1.0,0.5,0.0,0.275,0.125,0.16666666666666666,1.0
0.0,1.0,1.0,0.36250000000000004,1.0,0.3333333333333333,1.0
1.0,0.0,0.0,0.45,0.0,0.0,0.0
0.0,1.0,1.0,0.7625000000000001,0.0,0.0,1.0
1.0,0.5,0.0,0.45,0.0,0.0,1.0
1.0,1.0,0.0,0.3875,0.125,0.16666666666666666,1.0
1.0,0.0,0.0,0.2,0.0,0.16666666666666666,0.0
1.0,1.0,0.0,0.36250000000000004,0.25,0.0,0.5
0.0,0.0,1.0,0.5625,0.0,0.0,1.0
0.0,0.0,1.0,0.47500000000000003,0.0,0.16666666666666666,1.0
0.0,1.0,1.0,0.2,0.25,0.0,1.0
1.0,0.0,0.0,0.36250000000000004,0.125,0.0,1.0
0.0,1.0,1.0,0.36250000000000004,0.0,0.0,1.0
0.0,0.0,1.0,0.36250000000000004,0.125,0.0,1.0
1.0,0.0,0.0,0.5125000000000001,0.0,0.0,0.0
1.0,1.0,1.0,0.5625,0.0,0.0,1.0
0.0,0.0,1.0,0.5625,0.0,0.0,1.0
1.0,0.5,1.0,0.025,0.125,0.16666666666666666,1.0
1.0,0.0,0.0,0.30000000000000004,0.375,0.3333333333333333,1.0
0.0,0.5,1.0,0.35000000000000003,0.0,0.0,1.0
0.0,0.5,1.0,0.3125,0.0,0.0,1.0
0.0,0.5,1.0,0.45,0.0,0.0,1.0
1.0,0.5,0.0,0.30000000000000004,0.0,0.0,1.0
1.0,0.5,0.0,0.5,0.0,0.0,1.0
1.0,1.0,0.0,0.36250000000000004,0.125,0.0,1.0
1.0,1.0,1.0,0.037500000000000006,0.125,0.16666666666666666,1.0
0.0,1.0,1.0,0.525,0.0,0.0,1.0
0.0,1.0,1.0,0.28750000000000003,0.0,0.0,1.0
0.0,0.0,1.0,0.36250000000000004,0.0,0.0,1.0
0.0,1.0,1.0,0.1875,0.125,0.16666666666666666,0.0
0.0,1.0,1.0,0.3125,0.125,0.0,1.0
0.0,1.0,1.0,0.36250000000000004,0.0,0.0,0.0
0.0,1.0,1.0,0.35000000000000003,0.0,0.0,1.0
1.0,0.0,0.0,0.275,0.0,0.16666666666666666,1.0
0.0,0.5,0.0,0.47500000000000003,0.0,0.0,1.0
1.0,1.0,0.0,0.36250000000000004,0.0,0.0,0.5
1.0,1.0,0.0,0.36250000000000004,0.0,0.0,0.5
0.0,1.0,1.0,0.5,0.125,0.6666666666666666,1.0
0.0,0.5,1.0,0.36250000000000004,0.125,0.0,0.0
0.0,1.0,0.0,0.5625,0.0,0.16666666666666666,0.0
0.0,1.0,1.0,0.4375,0.0,0.0,1.0
0.0,1.0,1.0,0.36250000000000004,0.125,0.0,0.5
0.0,1.0,1.0,0.375,0.0,0.0,1.0
1.0,0.0,0.0,0.75,0.125,0.0,0.0
1.0,1.0,0.0,0.36250000000000004,0.0,0.0,0.0
1.0,1.0,0.0,0.36250000000000004,0.0,0.0,0.5
1.0,0.0,0.0,0.30000000000000004,0.0,0.0,0.0
1.0,0.0,1.0,0.3125,0.125,0.0,0.0
0.0,1.0,1.0,0.225,0.125,0.0,1.0
0.0,1.0,1.0,0.23750000000000002,0.0,0.0,1.0
0.0,0.0,1.0,0.275,0.0,0.0,0.0
0.0,1.0,0.0,0.037500000000000006,0.375,0.16666666666666666,1.0
1.0,0.0,0.0,0.36250000000000004,0.125,0.0,0.0
1.0,1.0,0.0,0.275,0.0,0.0,1.0
0.0,0.0,1.0,0.3375,0.0,0.3333333333333333,0.0
0.0,1.0,1.0,0.25,0.0,0.0,0.0
0.0,1.0,1.0,0.23750000000000002,0.0,0.0,1.0
1.0,0.0,0.0,0.525,0.0,0.0,0.0
1.0,1.0,0.0,0.0125,0.0,0.3333333333333333,0.0
0.0,1.0,1.0,0.4,0.0,0.0,1.0
1.0,0.0,0.0,0.4375,0.125,0.0,1.0
0.0,1.0,1.0,0.36250000000000004,0.0,0.0,1.0
0.0,0.5,1.0,0.225,0.0,0.0,1.0
0.0,1.0,1.0,0.0125,0.625,0.3333333333333333,1.0
1.0,0.5,0.0,0.45,0.0,0.0,1.0
0.0,1.0,1.0,0.36250000000000004,0.0,0.0,0.5
1.0,0.5,0.0,0.21250000000000002,0.0,0.0,0.0
1.0,0.0,1.0,0.45,0.125,0.3333333333333333,1.0
1.0,1.0,1.0,0.2625,0.0,0.0,1.0
0.0,1.0,1.0,0.35000000000000003,0.25,0.0,1.0
1.0,0.0,0.0,0.28750000000000003,0.125,0.0,0.0
1.0,1.0,0.0,0.30000000000000004,0.0,0.3333333333333333,1.0
0.0,1.0,1.0,0.275,0.0,0.0,1.0
0.0,1.0,0.0,0.3875,0.0,0.0,1.0
0.0,0.5,1.0,0.5750000000000001,0.0,0.0,1.0
0.0,0.5,1.0,0.28750000000000003,0.0,0.0,1.0
1.0,0.5,0.0,0.35000000000000003,0.0,0.0,1.0
1.0,1.0,1.0,0.48750000000000004,0.0,0.0,1.0
0.0,1.0,1.0,0.325,0.0,0.0,1.0
0.0,1.0,0.0,0.2625,0.125,0.0,1.0
0.0,1.0,1.0,0.35000000000000003,0.125,0.0,1.0
0.0,1.0,0.0,0.25,0.0,0.0,1.0
0.0,0.5,1.0,0.42500000000000004,0.125,0.0,1.0
0.0,1.0,1.0,0.6375000000000001,0.0,0.0,1.0
1.0,0.5,1.0,0.037500000000000006,0.125,0.16666666666666666,1.0
0.0,1.0,1.0,0.2625,0.0,0.0,1.0
0.0,1.0,0.0,0.36250000000000004,0.375,0.16666666666666666,1.0
0.0,1.0,1.0,0.36250000000000004,0.0,0.0,1.0
0.0,1.0,1.0,0.36250000000000004,0.0,0.0,0.5
1.0,0.0,0.0,0.41250000000000003,0.125,0.0,0.5
0.0,0.5,1.0,0.36250000000000004,0.0,0.0,1.0
1.0,1.0,1.0,0.55,0.0,0.0,1.0
0.0,1.0,0.0,0.36250000000000004,0.0,0.0,1.0
1.0,0.5,0.0,0.42500000000000004,0.125,0.16666666666666666,1.0
1.0,0.5,0.0,0.225,0.0,0.3333333333333333,1.0
0.0,0.5,1.0,0.375,0.0,0.0,1.0
0.0,1.0,0.0,0.125,0.0,0.3333333333333333,1.0
0.0,1.0,1.0,0.36250000000000004,0.0,0.0,0.0
0.0,1.0,1.0,0.2625,0.0,0.0,0.5
0.0,1.0,1.0,0.36250000000000004,0.0,0.0,1.0
0.0,1.0,0.0,0.35000000000000003,0.125,0.16666666666666666,1.0
0.0,1.0,1.0,0.225,0.125,0.16666666666666666,1.0
0.0,1.0,1.0,0.36250000000000004,0.0,0.0,1.0
1.0,0.5,0.0,0.35000000000000003,0.125,0.0,1.0
1.0,0.5,0.0,0.23750000000000002,0.0,0.0,1.0
0.0,1.0,1.0,0.36250000000000004,0.0,0.0,0.5
1.0,1.0,1.0,0.4,0.0,0.0,1.0
1.0,0.0,1.0,0.35000000000000003,0.0,0.0,1.0
1.0,1.0,0.0,0.36250000000000004,0.125,0.0,1.0
1.0,0.5,0.0,0.525,0.125,0.0,1.0
0.0,1.0,1.0,0.21250000000000002,0.0,0.0,1.0
0.0,0.0,1.0,0.625,0.125,0.0,1.0
1.0,0.0,0.0,0.17500000000000002,0.125,0.3333333333333333,1.0
0.0,1.0,0.0,0.2625,0.25,0.3333333333333333,1.0
1.0,0.5,0.0,0.30000000000000004,0.25,0.5,1.0
0.0,0.0,1.0,0.8,0.125,0.6666666666666666,1.0
0.0,0.5,1.0,0.3875,0.0,0.0,1.0
1.0,0.5,0.0,0.5625,0.125,0.16666666666666666,1.0
0.0,1.0,1.0,0.25,0.0,0.0,1.0
0.0,1.0,1.0,0.3125,0.125,0.0,1.0
1.0,0.5,0.0,0.35000000000000003,0.0,0.0,1.0
1.0,1.0,1.0,0.36250000000000004,0.0,0.0,1.0
1.0,0.0,1.0,0.05,0.0,0.3333333333333333,1.0
1.0,0.5,0.0,0.1625,0.0,0.16666666666666666,1.0
1.0,0.0,1.0,0.42500000000000004,0.0,0.0,1.0
1.0,1.0,0.0,0.0625,0.25,0.16666666666666666,0.0
1.0,0.0,1.0,0.65,0.0,0.0,1.0
0.0,0.5,1.0,0.45,0.125,0.3333333333333333,1.0
0.0,1.0,1.0,0.36250000000000004,0.125,0.0,1.0
0.0,0.0,1.0,0.375,0.0,0.0,0.0
1.0,0.0,1.0,0.6125,0.125,0.0,0.0
0.0,1.0,1.0,0.36250000000000004,0.0,0.0,1.0
1.0,1.0,1.0,0.36250000000000004,0.0,0.0,0.0
0.0,0.0,1.0,0.8125,0.0,0.0,1.0
1.0,0.0,0.0,0.36250000000000004,0.125,0.0,1.0
1.0,0.5,0.0,0.625,0.0,0.0,1.0
0.0,1.0,1.0,0.36250000000000004,0.0,0.0,0.5
1.0,0.0,1.0,0.6000000000000001,0.0,0.0,1.0
0.0,1.0,1.0,0.42500000000000004,0.0,0.0,1.0
0.0,0.0,1.0,0.5875,0.0,0.0,1.0
0.0,0.5,1.0,0.6000000000000001,0.0,0.0,1.0
0.0,1.0,1.0,0.36250000000000004,0.0,0.0,1.0
0.0,1.0,1.0,0.47500000000000003,0.0,0.0,1.0
0.0,0.5,1.0,0.36250000000000004,0.0,0.0,1.0
0.0,0.0,1.0,0.7000000000000001,0.0,0.0,1.0
0.0,1.0,1.0,0.36250000000000004,0.0,0.0,0.5
1.0,1.0,0.0,0.0,0.25,0.16666666666666666,0.0
0.0,1.0,1.0,0.36250000000000004,0.0,0.0,1.0
0.0,1.0,1.0,0.47500000000000003,0.0,0.0,1.0
1.0,0.5,0.0,0.41250000000000003,0.125,0.3333333333333333,1.0
1.0,0.5,0.0,0.28750000000000003,0.0,0.0,0.0
0.0,1.0,0.0,0.275,0.0,0.0,1.0
0.0,0.0,1.0,0.36250000000000004,0.0,0.0,1.0
0.0,0.5,1.0,0.42500000000000004,0.125,0.0,1.0
0.0,1.0,1.0,0.36250000000000004,0.125,0.0,1.0
0.0,1.0,1.0,0.275,0.0,0.0,1.0
1.0,1.0,0.0,0.025,0.0,0.16666666666666666,1.0
0.0,1.0,1.0,0.1125,0.625,0.3333333333333333,1.0
0.0,0.5,1.0,0.36250000000000004,0.0,0.0,1.0
0.0,1.0,1.0,0.625,0.0,0.0,1.0
1.0,1.0,0.0,0.7875000000000001,0.0,0.0,1.0
1.0,0.0,1.0,0.3125,0.125,0.0,0.0
0.0,1.0,0.0,0.36250000000000004,0.375,0.16666666666666666,1.0
1.0,0.0,0.0,0.4375,0.125,0.0,1.0
0.0,0.0,1.0,0.7250000000000001,0.0,0.0,0.0
0.0,1.0,1.0,0.375,0.0,0.0,1.0
1.0,1.0,1.0,0.1125,0.125,0.16666666666666666,1.0
0.0,1.0,1.0,0.36250000000000004,0.125,0.0,1.0
0.0,1.0,1.0,0.2625,0.0,0.0,1.0
0.0,0.0,1.0,0.6875,0.0,0.0,1.0
0.0,0.0,1.0,0.8875000000000001,0.0,0.0,0.0
0.0,1.0,1.0,0.2625,0.0,0.0,1.0
0.0,1.0,1.0,0.36250000000000004,0.0,0.0,0.0
1.0,0.0,0.0,0.675,0.125,0.0,0.0
0.0,1.0,1.0,0.36250000000000004,0.0,0.0,1.0
0.0,0.0,0.0,0.3125,0.125,0.3333333333333333,1.0
0.0,1.0,1.0,0.30000000000000004,0.0,0.0,1.0
0.0,1.0,1.0,0.21250000000000002,0.0,0.0,1.0
0.0,1.0,0.0,0.2625,0.0,0.0,0.5
0.0,1.0,0.0,0.36250000000000004,0.0,0.0,0.5
0.0,1.0,0.0,0.4625,0.0,0.0,1.0
1.0,0.0,0.0,0.2,0.0,0.0,1.0
0.0,0.0,1.0,0.225,0.125,0.0,0.0
1.0,0.5,0.0,0.41250000000000003,0.0,0.3333333333333333,1.0
1.0,0.0,1.0,0.36250000000000004,0.0,0.0,1.0
0.0,1.0,1.0,0.35000000000000003,0.0,0.0,1.0
1.0,1.0,1.0,0.325,0.0,0.0,1.0
1.0,1.0,1.0,0.36250000000000004,0.0,0.0,0.5
0.0,1.0,1.0,0.36250000000000004,0.0,0.0,1.0
1.0,0.0,1.0,0.45,0.0,0.0,1.0
1.0,0.0,0.0,0.675,0.125,0.0,0.0
0.0,1.0,1.0,0.30000000000000004,0.0,0.0,1.0
0.0,0.0,1.0,0.5875,0.0,0.0,1.0
1.0,0.5,0.0,0.42500000000000004,0.0,0.0,1.0
0.0,1.0,1.0,0.36250000000000004,0.0,0.0,0.5
1.0,0.5,0.0,0.45,0.125,0.0,1.0
0.0,1.0,1.0,0.4,0.0,0.0,1.0
1.0,0.0,0.0,0.375,0.0,0.0,1.0
0.0,1.0,1.0,0.275,0.0,0.0,1.0
0.0,1.0,1.0,0.36250000000000004,0.0,0.0,0.0
1.0,0.0,0.0,0.55,0.0,0.16666666666666666,0.0
0.0,1.0,1.0,0.36250000000000004,0.0,0.0,0.0
0.0,1.0,1.0,0.5,0.0,0.0,0.5
1.0,0.5,0.0,0.625,0.0,0.0,1.0
0.0,0.0,1.0,0.36250000000000004,0.0,0.0,1.0
0.0,1.0,1.0,0.48750000000000004,0.0,0.0,1.0
0.0,0.5,1.0,0.28750000000000003,0.25,0.16666666666666666,1.0
1.0,0.5,0.0,0.025,0.125,0.16666666666666666,1.0
0.0,1.0,1.0,0.36250000000000004,0.0,0.0,0.0
0.0,1.0,1.0,0.21250000000000002,0.125,0.16666666666666666,0.0
1.0,1.0,0.0,0.36250000000000004,0.0,0.3333333333333333,0.0
0.0,1.0,0.0,0.375,0.0,0.0,1.0
1.0,0.5,0.0,0.08750000000000001,0.0,0.3333333333333333,1.0
0.0,0.0,1.0,0.5625,0.0,0.0,1.0
1.0,0.0,0.0,0.375,0.0,0.0,0.0
0.0,1.0,1.0,0.36250000000000004,0.0,0.0,1.0
1.0,0.0,0.0,0.275,0.0,0.3333333333333333,0.0
1.0,0.0,0.0,0.45,0.0,0.3333333333333333,1.0
0.0,1.0,0.0,0.1125,0.5,0.3333333333333333,1.0
0.0,1.0,0.0,0.1375,0.5,0.3333333333333333,1.0
1.0,0.5,1.0,0.4,0.125,0.0,1.0
0.0,0.0,1.0,0.625,0.125,0.0,0.0
0.0,0.0,1.0,0.8,0.0,0.0,1.0
1.0,0.5,0.0,0.23750000000000002,0.125,0.0,1.0
1.0,0.5,1.0,0.36250000000000004,0.0,0.0,0.0
0.0,1.0,1.0,0.41250000000000003,0.125,0.16666666666666666,1.0
1.0,0.5,1.0,0.1,0.125,0.16666666666666666,1.0
1.0,0.0,1.0,0.21250000000000002,0.0,0.3333333333333333,0.0
0.0,0.5,1.0,0.3375,0.0,0.0,1.0
0.0,1.0,1.0,0.36250000000000004,0.0,0.0,0.5
1.0,1.0,1.0,0.275,0.0,0.0,0.0
1.0,1.0,0.0,0.275,0.0,0.0,1.0
0.0,0.0,1.0,0.775,0.0,0.0,1.0
1.0,0.0,0.0,0.6000000000000001,0.125,0.0,0.0
0.0,0.0,1.0,0.36250000000000004,0.0,0.0,0.0
1.0,0.0,0.0,0.48750000000000004,0.125,0.16666666666666666,1.0
1.0,1.0,0.0,0.45,0.125,0.0,1.0
0.0,1.0,1.0,0.36250000000000004,0.0,0.0,0.5
0.0,1.0,1.0,0.5,0.0,0.0,1.0
0.0,0.5,1.0,0.35000000000000003,0.0,0.0,1.0
0.0,1.0,1.0,0.36250000000000004,0.0,0.0,1.0
0.0,1.0,0.0,0.36250000000000004,0.0,0.0,1.0
0.0,1.0,1.0,0.30000000000000004,0.25,0.0,1.0
0.0,1.0,1.0,0.23750000000000002,0.0,0.0,1.0
0.0,1.0,0.0,0.36250000000000004,0.0,0.6666666666666666,1.0
0.0,1.0,1.0,0.36250000000000004,0.0,0.0,0.0
1.0,1.0,1.0,0.4,0.0,0.0,1.0
1.0,0.5,1.0,0.775,0.0,0.0,1.0
1.0,0.0,0.0,0.6625000000000001,0.25,0.0,1.0
1.0,0.0,1.0,0.45,0.0,0.0,1.0
1.0,1.0,0.0,0.36250000000000004,0.0,0.0,0.5
0.0,1.0,1.0,0.2,0.0,0.0,1.0
0.0,1.0,1.0,0.23750000000000002,0.0,0.0,1.0
1.0,0.5,0.0,0.42500000000000004,0.0,0.0,1.0
1.0,0.0,0.0,0.48750000000000004,0.125,0.0,1.0
0.0,1.0,0.0,0.36250000000000004,0.125,0.0,0.0
1.0,1.0,1.0,0.4,0.0,0.0,1.0
1.0,0.5,0.0,0.3125,0.125,0.16666666666666666,1.0
1.0,0.0,0.0,0.48750000000000004,0.125,0.16666666666666666,0.0
0.0,0.5,1.0,0.675,0.0,0.0,1.0
0.0,0.0,1.0,0.45,0.0,0.0,0.0
0.0,1.0,1.0,0.36250000000000004,0.0,0.0,0.0
1.0,0.0,0.0,0.225,0.0,0.3333333333333333,1.0
0.0,0.5,1.0,0.5875,0.0,0.0,1.0
1.0,0.0,1.0,0.75,0.125,0.16666666666666666,0.0
0.0,1.0,1.0,0.275,0.0,0.0,1.0
0.0,1.0,1.0,0.36250000000000004,0.0,0.0,1.0
0.0,1.0,1.0,0.4375,0.0,0.0,1.0
1.0,0.0,0.0,0.65,0.125,0.0,0.0
0.0,1.0,1.0,0.5875,0.0,0.0,1.0
0.0,1.0,0.0,0.36250000000000004,0.0,0.3333333333333333,0.5
0.0,0.5,1.0,0.4625,0.125,0.0,1.0
0.0,1.0,1.0,0.45,0.125,0.16666666666666666,1.0
1.0,0.5,0.0,0.36250000000000004,0.0,0.0,1.0
0.0,1.0,1.0,0.6125,0.0,0.0,1.0
0.0,1.0,1.0,0.36250000000000004,0.0,0.0,0.0
1.0,0.0,1.0,0.6125,0.125,0.0,0.0
1.0,0.5,0.0,0.30000000000000004,0.25,0.16666666666666666,1.0
0.0,1.0,1.0,0.36250000000000004,0.0,0.0,1.0
0.0,0.0,1.0,0.36250000000000004,0.0,0.0,1.0
0.0,1.0,1.0,0.55,0.0,0.0,1.0
1.0,0.0,1.0,0.4375,0.0,0.0,0.0
0.0,1.0,1.0,0.45,0.125,0.0,1.0
0.0,1.0,1.0,0.375,0.0,0.0,1.0
1.0,0.0,1.0,0.3375,0.0,0.0,1.0
1.0,0.5,0.0,0.275,0.125,0.3333333333333333,0.0
1.0,0.0,0.0,0.5,0.0,0.0,1.0
0.0,1.0,0.0,0.48750000000000004,0.125,0.8333333333333333,1.0
0.0,1.0,1.0,0.36250000000000004,0.0,0.0,1.0
1.0,1.0,0.0,0.36250000000000004,0.125,0.0,0.5
0.0,1.0,1.0,0.36250000000000004,0.0,0.0,0.5
0.0,1.0,1.0,0.4375,0.0,0.0,1.0
1.0,0.5,0.0,0.30000000000000004,0.125,0.3333333333333333,1.0
0.0,1.0,1.0,0.42500000000000004,0.125,0.16666666666666666,1.0
0.0,1.0,0.0,0.325,0.125,0.0,1.0
1.0,0.5,0.0,0.05,0.25,0.16666666666666666,1.0
0.0,0.5,1.0,0.325,0.0,0.0,1.0
0.0,1.0,1.0,0.3375,0.125,0.0,0.0
1.0,0.0,1.0,0.525,0.125,0.0,1.0
1.0,1.0,1.0,0.25,0.125,0.16666666666666666,0.0
0.0,1.0,1.0,0.2625,0.0,0.0,1.0
0.0,1.0,1.0,0.2625,0.0,0.0,1.0
0.0,0.0,1.0,0.7625000000000001,0.0,0.0,1.0
0.0,0.5,1.0,0.7125,0.0,0.0,0.5
1.0,0.0,0.0,0.2625,0.0,0.0,1.0
0.0,1.0,1.0,0.325,0.0,0.0,1.0
0.0,1.0,1.0,0.36250000000000004,0.0,0.0,0.5
1.0,0.0,1.0,1.0,0.0,0.0,1.0
0.0,1.0,1.0,0.6375000000000001,0.0,0.0,1.0
1.0,0.0,1.0,0.4,0.0,0.0,0.0
0.0,0.0,1.0,0.36250000000000004,0.0,0.0,1.0
0.0,1.0,0.0,0.1125,0.375,0.3333333333333333,1.0
1.0,0.5,0.0,0.35000000000000003,0.0,0.0,1.0
0.0,1.0,1.0,0.4,0.0,0.0,1.0
0.0,0.5,1.0,0.3875,0.125,0.16666666666666666,1.0
0.0,1.0,0.0,0.5125000000000001,0.0,0.8333333333333333,1.0
0.0,1.0,1.0,0.36250000000000004,0.125,0.0,1.0
0.0,1.0,1.0,0.25,0.0,0.0,1.0
1.0,0.0,0.0,0.30000000000000004,0.0,0.0,0.0
0.0,1.0,0.0,0.025,0.375,0.3333333333333333,1.0
1.0,1.0,1.0,0.36250000000000004,0.0,0.0,1.0
1.0,1.0,0.0,0.0,0.25,0.16666666666666666,0.0
1.0,0.0,1.0,0.6000000000000001,0.125,0.0,0.0
0.0,1.0,1.0,0.23750000000000002,0.0,0.0,1.0
1.0,0.0,1.0,0.7000000000000001,0.0,0.0,0.0
0.0,1.0,1.0,0.36250000000000004,0.0,0.0,1.0
1.0,1.0,0.0,0.28750000000000003,0.0,0.0,1.0
0.0,1.0,1.0,0.36250000000000004,0.0,0.0,1.0
1.0,0.5,0.0,0.225,0.0,0.16666666666666666,1.0
0.0,1.0,1.0,0.2625,0.0,0.0,1.0
1.0,1.0,0.0,0.36250000000000004,0.0,0.0,0.5
0.0,1.0,0.0,0.225,0.0,0.0,0.5
0.0,0.5,1.0,0.30000000000000004,0.25,0.0,1.0
0.0,1.0,1.0,0.36250000000000004,0.0,0.0,1.0
0.0,1.0,0.0,0.4,0.125,0.16666666666666666,0.5
0.0,0.5,1.0,0.28750000000000003,0.0,0.0,1.0
0.0,0.0,1.0,0.7250000000000001,0.0,0.3333333333333333,0.0
1.0,0.0,1.0,0.625,0.25,0.0,1.0
0.0,1.0,1.0,0.5,0.0,0.0,0.0
0.0,0.0,1.0,0.5875,0.0,0.0,1.0
0.0,1.0,1.0,0.45,0.0,0.0,1.0
1.0,1.0,1.0,0.25,0.125,0.0,1.0
0.0,0.5,1.0,0.4,0.25,0.0,1.0
0.0,0.5,1.0,0.3125,0.0,0.0,1.0
0.0,1.0,1.0,0.36250000000000004,0.0,0.0,1.0
0.0,1.0,1.0,0.5375,0.0,0.0,1.0
1.0,0.0,0.0,0.36250000000000004,0.125,0.0,1.0
1.0,0.5,0.0,0.5,0.125,0.16666666666666666,1.0
0.0,0.0,1.0,0.3875,0.125,0.0,1.0
0.0,0.5,1.0,0.875,0.0,0.0,1.0
1.0,0.5,1.0,0.3875,0.0,0.0,1.0
0.0,0.5,1.0,0.36250000000000004,0.0,0.0,1.0
0.0,1.0,1.0,0.225,0.0,0.0,1.0
0.0,1.0,1.0,0.30000000000000004,0.0,0.0,1.0
1.0,1.0,0.0,0.225,0.0,0.0,1.0
0.0,1.0,0.0,0.5375,0.125,1.0,1.0
1.0,0.0,1.0,0.45,0.0,0.16666666666666666,0.0
0.0,1.0,0.0,0.36250000000000004,0.0,0.0,0.5
1.0,0.0,1.0,0.3375,0.0,0.0,0.0
0.0,1.0,1.0,0.25,0.0,0.0,1.0
0.0,1.0,1.0,0.17500000000000002,0.625,0.3333333333333333,1.0
0.0,0.5,1.0,0.75,0.125,0.16666666666666666,1.0
0.0,0.5,1.0,0.3125,0.125,0.3333333333333333,0.0
0.0,1.0,1.0,0.17500000000000002,0.5,0.16666666666666666,1.0
0.0,1.0,1.0,0.23750000000000002,0.0,0.0,1.0
0.0,1.0,1.0,0.225,0.0,0.0,1.0
1.0,0.0,0.0,0.1875,0.0,0.16666666666666666,1.0
1.0,0.0,1.0,0.3875,0.125,0.0,1.0
1.0,1.0,0.0,0.05,0.0,0.16666666666666666,0.0
1.0,1.0,1.0,0.36250000000000004,0.0,0.0,1.0
0.0,1.0,1.0,0.3125,0.0,0.0,0.0
0.0,0.0,1.0,0.75,0.0,0.0,1.0
0.0,0.5,1.0,0.65,0.0,0.0,1.0
0.0,1.0,1.0,0.55,0.0,0.0,1.0
1.0,1.0,0.0,0.36250000000000004,0.0,0.0,0.5
0.0,0.0,1.0,0.6125,0.125,0.16666666666666666,0.0
0.0,1.0,1.0,0.525,0.0,0.0,1.0
1.0,0.0,0.0,0.225,0.125,0.0,0.0
1.0,0.0,1.0,0.4375,0.0,0.0,1.0
0.0,1.0,0.0,0.225,0.0,0.16666666666666666,0.0
0.0,1.0,1.0,0.3125,0.0,0.0,0.5
0.0,1.0,1.0,0.325,0.125,0.0,1.0
0.0,0.5,1.0,0.48750000000000004,0.0,0.0,1.0
1.0,0.5,0.0,0.5625,0.0,0.0,1.0
1.0,0.0,1.0,0.525,0.0,0.0,1.0
1.0,0.0,0.0,0.275,0.0,0.0,1.0
1.0,1.0,1.0,0.36250000000000004,0.125,0.16666666666666666,0.0
1.0,0.0,0.0,0.30000000000000004,0.0,0.0,0.0
0.0,0.0,1.0,0.36250000000000004,0.0,0.0,1.0
1.0,0.0,1.0,0.6000000000000001,0.125,0.0,1.0
0.0,1.0,1.0,0.36250000000000004,0.0,0.0,1.0
0.0,0.5,1.0,0.65,0.0,0.0,1.0
0.0,1.0,1.0,0.23750000000000002,0.0,0.0,1.0
1.0,0.0,0.0,0.47500000000000003,0.0,0.0,0.0
1.0,0.5,0.0,0.3375,0.0,0.0,1.0
0.0,1.0,1.0,0.36250000000000004,0.0,0.0,0.5
0.0,1.0,1.0,0.41250000000000003,0.0,0.0,1.0
1.0,0.5,0.0,0.07500000000000001,0.0,0.16666666666666666,1.0
0.0,1.0,1.0,0.21250000000000002,0.125,0.0,1.0
0.0,0.5,1.0,0.42500000000000004,0.0,0.0,1.0
0.0,0.5,1.0,0.625,0.0,0.0,1.0
1.0,0.0,1.0,0.3375,0.125,0.0,1.0
0.0,1.0,1.0,0.25,0.0,0.0,1.0
1.0,0.5,0.0,0.375,0.375,0.0,1.0
1.0,1.0,0.0,0.36250000000000004,0.0,0.0,0.5
0.0,0.5,1.0,0.3125,0.125,0.0,1.0
0.0,1.0,0.0,0.3125,0.125,0.0,1.0
1.0,0.0,0.0,0.36250000000000004,0.0,0.0,1.0
0.0,1.0,1.0,0.1375,0.0,0.0,0.0
0.0,0.5,1.0,0.36250000000000004,0.0,0.0,1.0
0.0,0.5,1.0,0.28750000000000003,0.0,0.0,1.0
0.0,0.5,1.0,0.28750000000000003,0.0,0.0,1.0
0.0,1.0,1.0,0.35000000000000003,0.0,0.0,1.0
0.0,1.0,0.0,0.6000000000000001,0.125,0.5,1.0
1.0,0.0,1.0,0.4375,0.0,0.0,0.0
0.0,1.0,1.0,0.36250000000000004,0.0,0.0,1.0
0.0,1.0,1.0,0.36250000000000004,0.0,0.0,1.0
1.0,0.0,1.0,0.36250000000000004,0.0,0.0,1.0
0.0,0.0,1.0,0.45,0.125,0.0,1.0
1.0,0.0,0.0,0.2625,0.25,0.3333333333333333,0.0
0.0,1.0,1.0,0.30000000000000004,0.125,0.0,1.0
1.0,1.0,1.0,0.3875,0.0,0.0,1.0
0.0,0.0,1.0,0.875,0.125,0.16666666666666666,1.0
0.0,1.0,1.0,0.2,0.125,0.16666666666666666,1.0
1.0,0.5,0.0,0.375,0.0,0.0,1.0
0.0,0.0,1.0,0.23750000000000002,0.125,0.0,1.0
0.0,1.0,1.0,0.3875,0.0,0.0,0.5
1.0,0.5,0.0,0.05,0.125,0.16666666666666666,1.0
1.0,1.0,1.0,0.07500000000000001,0.0,0.16666666666666666,1.0
0.0,1.0,1.0,0.41250000000000003,0.0,0.0,1.0
0.0,1.0,1.0,0.28750000000000003,0.0,0.0,1.0
1.0,0.5,0.0,0.6000000000000001,0.125,0.3333333333333333,1.0
1.0,0.5,1.0,0.0,0.125,0.16666666666666666,1.0
0.0,1.0,1.0,0.35000000000000003,0.0,0.0,1.0
0.0,0.5,1.0,0.225,0.0,0.0,1.0
0.0,1.0,1.0,0.42500000000000004,0.0,0.0,1.0
1.0,0.0,0.0,0.41250000000000003,0.0,0.0,1.0
0.0,1.0,1.0,0.36250000000000004,0.0,0.0,1.0
0.0,1.0,1.0,0.5125000000000001,0.0,0.0,1.0
1.0,1.0,1.0,0.25,0.0,0.0,0.0
1.0,0.0,0.0,0.45,0.125,0.3333333333333333,1.0
0.0,1.0,1.0,0.2,0.0,0.0,1.0
1.0,0.0,0.0,0.6375000000000001,0.125,0.0,1.0
0.0,0.0,1.0,0.36250000000000004,0.0,0.0,0.0
0.0,1.0,0.0,0.375,0.0,0.0,0.5
0.0,1.0,1.0,0.36250000000000004,0.125,0.0,0.5
0.0,1.0,1.0,0.4,0.0,0.0,1.0
0.0,1.0,1.0,0.30000000000000004,0.0,0.0,1.0
0.0,1.0,1.0,0.6000000000000001,0.0,0.0,1.0
0.0,0.5,0.0,0.7125,0.0,0.0,1.0
0.0,1.0,1.0,0.36250000000000004,0.0,0.0,0.0
1.0,0.5,0.0,0.675,0.125,0.5,1.0
0.0,1.0,1.0,0.225,0.0,0.0,1.0
0.0,1.0,1.0,0.36250000000000004,0.0,0.0,0.5
1.0,1.0,0.0,0.0625,0.0,0.0,1.0
0.0,1.0,1.0,0.36250000000000004,0.0,0.0,0.5
1.0,0.0,0.0,0.5375,0.0,0.16666666666666666,1.0
1.0,1.0,0.0,0.1625,0.0,0.0,0.0
1.0,0.0,0.0,0.21250000000000002,0.125,0.0,1.0
0.0,0.0,1.0,0.36250000000000004,0.0,0.0,1.0
0.0,1.0,1.0,0.36250000000000004,0.125,0.3333333333333333,1.0
0.0,1.0,1.0,0.3125,0.0,0.0,1.0
0.0,1.0,1.0,0.3125,0.0,0.0,1.0
1.0,1.0,0.0,0.225,0.0,0.0,1.0
0.0,1.0,1.0,0.1,0.5,0.16666666666666666,0.5
1.0,1.0,1.0,0.0125,0.125,0.3333333333333333,1.0
0.0,0.0,1.0,0.5750000000000001,0.0,0.0,0.0
0.0,1.0,1.0,0.36250000000000004,0.0,0.0,0.5
0.0,0.5,1.0,0.2,0.0,0.0,1.0
0.0,1.0,0.0,0.36250000000000004,1.0,0.3333333333333333,1.0
0.0,0.0,1.0,0.36250000000000004,0.0,0.0,0.0
0.0,1.0,1.0,0.3125,0.0,0.0,1.0
0.0,0.5,1.0,0.48750000000000004,0.0,0.0,1.0
1.0,0.0,0.0,0.6125,0.0,0.0,1.0
1.0,1.0,0.0,0.3875,0.0,0.0,1.0
0.0,1.0,1.0,0.375,0.0,0.0,0.0
0.0,1.0,0.0,0.375,0.125,0.16666666666666666,1.0
0.0,0.5,1.0,0.42500000000000004,0.0,0.0,1.0
1.0,0.5,0.0,0.3875,0.125,0.16666666666666666,1.0
1.0,0.0,1.0,0.1375,0.125,0.3333333333333333,1.0
1.0,1.0,1.0,0.0,0.0,0.16666666666666666,0.0
1.0,1.0,1.0,0.3375,0.0,0.0,1.0
0.0,1.0,1.0,0.3875,0.0,0.0,1.0
0.0,0.0,1.0,0.48750000000000004,0.0,0.0,1.0
0.0,1.0,0.0,0.225,0.0,0.0,1.0
0.0,0.5,1.0,0.48750000000000004,0.0,0.0,1.0
1.0,0.0,0.0,0.41250000000000003,0.125,0.0,1.0
0.0,1.0,1.0,0.325,0.0,0.0,1.0
0.0,1.0,1.0,0.48750000000000004,0.0,0.0,1.0
0.0,0.5,1.0,0.4375,0.0,0.0,1.0
0.0,1.0,0.0,0.07500000000000001,0.5,0.3333333333333333,1.0
0.0,1.0,1.0,0.375,0.0,0.0,1.0
0.0,0.0,1.0,0.36250000000000004,0.0,0.0,1.0
0.0,1.0,0.0,0.28750000000000003,0.0,0.0,1.0
0.0,0.5,1.0,0.3875,0.125,0.16666666666666666,0.0
0.0,1.0,1.0,0.5375,0.0,0.0,1.0
0.0,1.0,1.0,0.125,0.375,0.3333333333333333,1.0
1.0,0.0,0.0,0.65,0.125,0.16666666666666666,1.0
1.0,1.0,1.0,0.3375,0.0,0.0,1.0
0.0,0.0,1.0,0.47500000000000003,0.0,0.0,1.0
1.0,1.0,0.0,0.3375,0.0,0.16666666666666666,1.0
0.0,1.0,1.0,0.025,0.5,0.16666666666666666,1.0
0.0,1.0,1.0,0.36250000000000004,0.0,0.0,0.5
0.0,1.0,1.0,0.36250000000000004,0.0,0.0,1.0
1.0,0.5,1.0,0.0125,0.0,0.3333333333333333,0.0
1.0,1.0,1.0,0.36250000000000004,0.0,0.0,0.5
1.0,0.0,0.0,0.775,0.0,0.0,0.0
1.0,1.0,0.0,0.1875,0.125,0.0,0.0
1.0,0.5,1.0,0.0,0.125,0.16666666666666666,1.0
0.0,1.0,1.0,0.36250000000000004,0.0,0.0,0.0
0.0,1.0,1.0,0.28750000000000003,0.0,0.0,1.0
0.0,1.0,1.0,0.225,0.0,0.0,1.0
1.0,0.0,0.0,0.48750000000000004,0.125,0.16666666666666666,0.0
0.0,1.0,1.0,0.2625,0.0,0.0,1.0
0.0,1.0,1.0,0.36250000000000004,0.0,0.0,1.0
1.0,1.0,1.0,0.4,0.0,0.0,1.0
1.0,0.0,1.0,0.36250000000000004,0.0,0.0,0.0
0.0,1.0,1.0,0.25,0.0,0.0,1.0
0.0,0.5,1.0,0.2,0.0,0.0,1.0
1.0,0.0,0.0,0.375,0.0,0.0,0.0
0.0,1.0,1.0,0.42500000000000004,0.0,0.0,0.0
0.0,1.0,1.0,0.21250000000000002,0.0,0.0,1.0
0.0,1.0,1.0,0.525,0.0,0.0,1.0
0.0,1.0,1.0,0.36250000000000004,1.0,0.3333333333333333,1.0
0.0,1.0,1.0,0.4375,0.0,0.0,0.0
0.0,0.5,1.0,0.35000000000000003,0.0,0.16666666666666666,1.0
1.0,0.0,0.0,0.36250000000000004,0.125,0.0,0.0
0.0,1.0,1.0,0.05,0.5,0.3333333333333333,1.0
0.0,1.0,1.0,0.925,0.0,0.0,1.0
0.0,1.0,0.0,0.1125,0.125,0.16666666666666666,0.0
1.0,0.0,0.0,0.2,0.0,0.16666666666666666,1.0
0.0,0.5,0.0,0.55,0.125,0.0,1.0
1.0,1.0,0.0,0.225,0.0,0.16666666666666666,1.0
1.0,0.0,0.0,0.5625,0.125,0.16666666666666666,1.0
1.0,0.0,1.0,0.6375000000000001,0.0,0.0,1.0
1.0,1.0,0.0,0.30000000000000004,0.0,0.5,0.0
0.0,1.0,1.0,0.36250000000000004,0.0,0.0,0.0
0.0,1.0,1.0,0.5125000000000001,0.25,0.0,1.0
0.0,0.5,1.0,0.2625,0.125,0.0,1.0
1.0,0.0,0.0,0.6000000000000001,0.0,0.0,1.0
0.0,1.0,0.0,0.36250000000000004,1.0,0.3333333333333333,1.0
0.0,0.5,1.0,0.30000000000000004,0.0,0.0,1.0
1.0,0.5,0.0,0.525,0.0,0.0,1.0
1.0,0.5,0.0,0.3375,0.125,0.0,0.0
0.0,0.0,1.0,0.3875,0.0,0.0,1.0
0.0,1.0,1.0,0.36250000000000004,0.0,0.0,1.0
1.0,1.0,1.0,0.05,0.125,0.16666666666666666,1.0
0.0,1.0,1.0,0.325,0.0,0.0,1.0
1.0,0.0,0.0,0.5875,0.125,0.16666666666666666,1.0
0.0,0.0,1.0,0.41250000000000003,0.0,0.0,1.0
0.0,1.0,1.0,0.5875,0.0,0.0,1.0
1.0,0.5,0.0,0.35000000000000003,0.125,0.0,0.0
1.0,1.0,0.0,0.1875,0.0,0.0,0.0
0.0,1.0,1.0,0.25,0.0,0.0,1.0
0.0,1.0,1.0,0.23750000000000002,0.0,0.0,1.0
0.0,1.0,1.0,0.36250000000000004,0.0,0.0,1.0
1.0,0.0,0.0,0.7000000000000001,0.0,0.16666666666666666,0.0
1.0,0.5,0.0,0.3125,0.0,0.16666666666666666,1.0
0.0,1.0,1.0,0.41250000000000003,0.0,0.0,1.0
0.0,1.0,0.0,0.275,0.0,0.0,1.0
0.0,0.5,1.0,0.35000000000000003,0.0,0.0,1.0
0.0,1.0,1.0,0.3125,0.0,0.0,1.0
0.0,1.0,0.0,0.48750000000000004,0.0,0.8333333333333333,0.5
0.0,0.5,1.0,0.3375,0.0,0.0,1.0
1.0,0.0,0.0,0.23750000000000002,0.0,0.0,1.0
0.0,1.0,0.0,0.36250000000000004,0.125,0.3333333333333333,1.0
1.0,0.0,1.0,0.325,0.0,0.0,0.0
0.0,1.0,1.0,0.4,0.0,0.0,0.5
